{"cameraMode":{"drawMode":0,"name":"Shaded","section":"Shading Mode"},"sceneLighting":true,"audioPlay":false,"sceneViewState":{"m_AlwaysRefresh":false,"showFog":true,"showSkybox":true,"showFlares":true,"showImageEffects":true,"showParticleSystems":true,"showVisualEffectGraphs":true,"m_FxEnabled":true},"in2DMode":false,"pivot":{"x":-32.193870544433597,"y":1.8627208471298218,"z":3.6782143115997316},"rotation":{"x":-0.023868871852755548,"y":0.8906893134117127,"z":-0.047079820185899737,"w":-0.4515419006347656},"size":0.9166185259819031,"orthographic":false}