{"cameraMode":{"drawMode":0,"name":"Shaded","section":"Shading Mode"},"sceneLighting":true,"audioPlay":false,"sceneViewState":{"m_AlwaysRefresh":false,"showFog":true,"showSkybox":true,"showFlares":true,"showImageEffects":true,"showParticleSystems":true,"showVisualEffectGraphs":true,"m_FxEnabled":true},"in2DMode":false,"pivot":{"x":-12.826922416687012,"y":6.38578987121582,"z":-13.813469886779786},"rotation":{"x":0.09894128888845444,"y":-0.8667331337928772,"z":0.19046123325824738,"w":0.4502422511577606},"size":0.33581265807151797,"orthographic":false}